{
    "languages": [
        {
            "chinese": [
                {
                    "iniHelpLink": "https://github.com/zhuaidadaya/MCH/blob/main/mds/settings_help_ZH.md",
                    "toWikiOnOrOff": "wiki跳转:",
                    "toWikiOn": "启用",
                    "toWikiOff": "禁用",
                    "menuButton": "菜单",
                    "mch": "Minecraft命令助手",
                    "menu": "菜单页",
                    ".exit": "\".exit\"是一个在此程序中用于退出的命令,并非游戏内指令\n是否要继续退出?",
                    "exit": "退出",
                    "exitNot": "不退出",
                    "configPath": "配置路径:",
                    "exButton": "退出按钮:",
                    "exitMCH": "退出MCH",
                    "smallerMCH": "缩小UI",
                    "colorSet": "颜色:",
                    "black": "黑色",
                    "white": "白色",
                    "languageSet": "语言:",
                    "chinese": "中文",
                    "english": "英文",
                    "fastLoad": "快速加载:",
                    "disable": "禁用",
                    "enable": "启用",
                    "version": "版本:",
                    "versionID": "版本ID:",
                    "onTop": "置于顶层:",
                    "deleteData": "删除数据",
                    "help": "帮助",
                    "agreement": "用户协议",
                    "restartMCH": "重启MCH",
                    "settings": "设置",
                    "run": "运行",
                    "display": "显示",
                    "run_title": "设置-运行",
                    "display-title": "设置-显示",
                    "upd_title": "设置-更新",
                    "info_title": "设置-MCH详情",
                    "command_title": "设置-命令",
                    "functions": "功能",
                    "feedback": "反馈",
                    "save": "保留",
                    "delete": "删除",
                    "save_cache": "保留缓存:",
                    "save_err": "错误日志:",
                    "runLog": "运行日志",
                    "autoUPD": "自动更新",
                    "history": "历史纪录:",
                    "save_all": "保留全部",
                    "save_some": "保留最近",
                    "auto": "自动",
                    "UPD": "更新",
                    "about": "关于",
                    "aboutMCH": "关于MCH:",
                    "viewFile": "查看文件",
                    "developer": "关于开发者:",
                    "aboutDeveloper": "MCH有两位开发者,以下是他们的称呼以及联系方式:\n开发者andogy 可以称呼为翅膀\n通过qq与他联系:2293332045\n\n开发者zhuaidadaya 可以称呼为草\n通过qq或微信联系:\nqq:1501917367\nWeChat:zhuaidadaya",
                    "functions_launcher": "功能-启动器",
                    "functions_problems": "功能-随机问题",
                    "functions_FunctionEitor": "功能-Function编辑器",
                    "mcBedrock": "MC基岩版:",
                    "launcher": "启动器",
                    "off": "关闭",
                    "randomProblem": "随机问题",
                    "saveTo": "保存至",
                    "flushSpeed": "刷新速度:",
                    "slow": "稍慢",
                    "fast": "最快",
                    "checkUPD": "检查更新",
                    "disableFunctionEdit": "未启用Function编辑器",
                    "CannotHandleErr": "MCH遇到了一个无法自动处理的错误\n请将此错误反馈给开发人员,谢谢\n\n正在尝试重启MCH\n\n你可以去到MCH的目录查看错误信息",
                    "invalidCommand": "已失效命令:",
                    "showInvalidCommand": "显示",
                    "hideInvalidCommand": "隐藏",
                    "commandsNotFound": "未安装命令解析库\n(pre版本暂未内置)\n下载地址:\n https://raw.githubusercontent.com/zhuaidadaya/MCH/main/MCH/src/project/resources/Json/test.json",
                    "priority_display": "优先显示:",
                    "bedrock": "基岩版",
                    "java": "java版",
                    "finish": "完成",
                    "continue": "继续",
                    "auto_set": "自动设置",
                    "ini_help": "帮助",
                    "setting_command": "命令",
                    "lost_ini": "MCH需要配置文件存储设置，但是现在它并不存在\n点击继续完成设置后即可正常使用\n\n如果不想进行设置，点击下方的自动设置可以让我们帮你完成",
                    "resource_loading": " 加载资源中:",
                    "loading": "正在加载",
                    "load_status": " 状态:",
                    "loading_color": "正在加载颜色",
                    "loading_color_succeed": "颜色加载成功",
                    "loading_lang": "正在加载语言",
                    "loading_lang_succeed": "语言加载成功",
                    "loading_exit": "加载退出事件",
                    "loading_ini": "加载配置文件",
                    "loading_ini_fail": "加载配置文件失败",
                    "loading_ini_succeed": "加载配置文件成功",
                    "loading_exButtons": "加载退出按钮事件",
                    "loading_exButtons_succeed": "加载退出按钮事件成功",
                    "loading_MchUI": "加载UI",
                    "loading_MchUI_fail": "加载UI失败",
                    "reloading_MchUI": "重新加载UI",
                    "show_UI": "显示UI",
                    "loading_UI_succeed": "加载UI成功",
                    "fixing_resource": "修复资源中",
                    "mayIsUnsupportedInfo": "有一个或多个配置是MCH不支持的:",
                    "noNewVersion": "没有新的版本可以更新\n当前版本:",
                    "connect_to_server": "正在尝试连接至服务器:",
                    "checking_UPD": "正在检查MCH更新",
                    "autoUpdating": "正在自动更新中",
                    "MchHaveNewVer": "MCH有新版本可以更新"
                },
                {
                    "nowFeature": "修复无法加载Json类的问题\n"
                }
            ]
        },
        {
            "english": [
                {
                    "iniHelpLink": "https://github.com/zhuaidadaya/MCH/blob/main/mds/settings_help_EN.md",
                    "toWikiOnOrOff": "to wiki:",
                    "toWikiOn": "enable",
                    "toWikiOff": "disable",
                    "menuButton": "menus",
                    "mch": "Minecraft Command Helper",
                    "menu": "menu page",
                    ".exit": "\".exit\" is a command used by this program to exit,This not an in-game command \nDo you want to continue to exit",
                    "exit": "exit",
                    "exitNot": "exit not",
                    "configPath": "config path:",
                    "exButton": "exit button:",
                    "exitMCH": "Exit MCH",
                    "smallerMCH": "Reduce UI",
                    "colorSet": "Color:",
                    "black": "black",
                    "white": "white",
                    "languageSet": "language:",
                    "chinese": "Chinese",
                    "english": "english",
                    "fastLoad": "fast load:",
                    "disable": "disable",
                    "enable": "enable",
                    "version": "version:",
                    "versionID": "version ID:",
                    "onTop": "on top:",
                    "deleteData": "delete data",
                    "help": "help",
                    "agreement": "agreement",
                    "restartMCH": "restart MCH",
                    "settings": "settings",
                    "run": "run",
                    "display": "display",
                    "run_title": "settings-run",
                    "display-title": "settings-display",
                    "upd_title": "settings-update",
                    "info_title": "settings-MCH info",
                    "command_title": "settings-command",
                    "functions": "functions",
                    "feedback": "feedback",
                    "save": "save",
                    "delete": "delete",
                    "save_cache": "save cache:",
                    "save_err": "error log:",
                    "runLog": "run log",
                    "autoUPD": "auto UPD",
                    "history": "history:",
                    "save_all": "save all",
                    "save_some": "save some",
                    "auto": "auto",
                    "UPD": "UPD",
                    "about": "about",
                    "aboutMCH": "about MCH:",
                    "viewFile": "view files",
                    "developer": "about developer:",
                    "aboutDeveloper": "MCH have two developers,here is their contact:\n\"andogy\" can called \"翅膀\"(ChiBang)\ncontact at qq:2293332045\n\n\"zhuaidadaya\" can called \"草\"(grass)\ncontact at qq or WeChat\nqq:1501917367\nWeChat:zhuaidadaya",
                    "functions_launcher": "functions-launcher",
                    "functions_problems": "functions-random problems",
                    "functions_FunctionEitor": "functions-Function editor",
                    "mcBedrock": "MC Bedrock:",
                    "launcher": "launcher",
                    "off": "off",
                    "randomProblem": "problems",
                    "saveTo": "save to",
                    "flushSpeed": "flush speed:",
                    "slow": "slow",
                    "fast": "fast",
                    "checkUPD": "check UPD",
                    "disableFunctionEdit": "Function edit is no enable",
                    "CannotHandleErr": "There are some unhandled errors in the MCH\nPlease send there error to feedback,thanks you\n\nTrying restart the MCH\n\nYou can go to the MCH directory to look the error info",
                    "invalidCommand": "invalid command:",
                    "showInvalidCommand": "show",
                    "hideInvalidCommand": "hide",
                    "commandsNotFound": "command resolution library is not installed\n(pre version no built in)\ndownload:\nhttps://raw.githubusercontent.com/zhuaidadaya/MCH/main/MCH/src/project/resources/Json/test.json",
                    "priority_display": "priority:",
                    "bedrock": "bedrock",
                    "java": "java",
                    "finish": "finish",
                    "continue": "continue",
                    "auto_set": "auto set",
                    "ini_help": "helper",
                    "setting_command": "command",
                    "lost_ini": "MCH need save settings in a config flie, but it is not exist\nclick \"continue\" to complete settings then you can use MCH by normally\n\nif you want not to compelete settings by you self\nwe will complete settings for you when you click \"auto set\"",
                    "resource_loading": " resource loading:",
                    "loading": "Loading",
                    "load_status": " status:",
                    "loading_color": "Loading Color",
                    "loading_color_succeed": "Load Color Succeed",
                    "loading_lang": "Loading Languages",
                    "loading_lang_succeed": "Load Languages Succeed",
                    "loading_exit": "Loading Exit Event",
                    "loading_ini": "Loading ini",
                    "loading_ini_fail": "Load ini Failed",
                    "loading_ini_succeed": "Load ini Succeed",
                    "loading_exButtons": "Loading exit button event",
                    "loading_exButtons_succeed": "Load Exit Button Event Succeed",
                    "loading_MchUI": "Loading UI",
                    "loading_MchUI_fail": "Loading UI Failed",
                    "reloading_MchUI": "reloading UI",
                    "show_UI": "show UI",
                    "loading_UI_succeed": "Loading UI Succeed",
                    "fixing_resource": "Fixing Resource",
                    "mayIsUnsupportedInfo": "have one or more MCH unsupported config",
                    "noNewVersion": "have not new version can update\nnow version:",
                    "connect_to_server": "try connecting to server:",
                    "checking_UPD": "checking update of MCH",
                    "autoUpdating": "auto update now",
                    "MchHaveNewVer": "MCH have a new version"
                },
                {
                    "nowFeature": "fixed bug of cannot load Json class\n"
                }
            ]
        }
    ]
}